playlistID,playlistName
PLJvJ-6UyehQDfDarV8qxBc32NkllrkTuO,2025 MIT Research and Development Conference
PLJvJ-6UyehQD8iuJfdFaY0wtF7tSPW93c,New Technologies for Improved Mining Operations Leading Edge Webinar
PLJvJ-6UyehQDWQrYxt3fISES1xnEeazQF,MIT Startup Exchange September 2025 Demo Day
PLJvJ-6UyehQAaI13rvLfV3tRXojiOcv0T,"MIT Next Generation Communications Forum: Connecting the Data, Applications, and Experiences That Define Modern Life"
PLJvJ-6UyehQBmWqGMiRAYj1DPNYs8RgFa,"AI-Driven, Post-Quantum Data Privacy Leading Edge Webinar"
PLJvJ-6UyehQCjALjtkZu_r3q7ur6ij3M-,2025 MIT London Symposium
PLJvJ-6UyehQDPreynfUJ1iqr0YMV41TBW,2025 MIT Data Center Day
PLJvJ-6UyehQCZJLjKcojvhAYNMwQPCmZ8,MIT Startup Exchange Demo Day
PLJvJ-6UyehQCNAICX-cnMYtJcp4ZKyMA7,Geopolitics and Corporate Innovation Leading Edge Webinar
PLJvJ-6UyehQBh2etQG01Hr4qP_b0MB-1a,Nicholas de Monchaux
PLJvJ-6UyehQDVQnbkuoYO0uej_0s8o3zZ,Unlocking the Value of Employee Wellness Leading Edge Webinar
PLJvJ-6UyehQACksyoROS69iJEW4OT6FxL,2025 MIT Chile Symposium
PLJvJ-6UyehQAzvJNok4KoiQKzmKAryh2H,MIT Industrial Liaison Program - MIT Faculty Features
PLJvJ-6UyehQD1MbrcY4qzjBQhkoPm2aNZ,Interplay Between AI and Human Behavior Leading Edge Webinar
PLJvJ-6UyehQAqnUEk-Hs0CSCQBWp3b0w-,Elly Nedivi Feature
PLJvJ-6UyehQDgT0NCaaGMEDldeOtgJYL5,2025 MIT AI Conference
PLJvJ-6UyehQBJbS9t37jJOHX-wb_jYS9d,Manufacturing and Supply Chain Leading Edge Webinar
PLJvJ-6UyehQBliYdWedfOTiWqIxm11joj,2025 MIT Health Science Forum
PLJvJ-6UyehQBs_UbZl6ry5T1zWGZJ7J0a,MIT AI in Software Engineering Forum
,
NEW:,
PLJvJ-6UyehQAhCjayxdyANGLx2x7ofgmq,MIT Startup Exchange  April 2025 Live Demo Day
PLJvJ-6UyehQAzvJNok4KoiQKzmKAryh2H,MIT Industrial Liaison Program - MIT Faculty Features
PLJvJ-6UyehQD9j1d5xUjg-04tNWh3iLBa,2024 MIT Research & Development Conference
PLJvJ-6UyehQDjyVXRjR2I96anoHk7wqLv,10.22.2024-MIT Sustainability Conference
PLJvJ-6UyehQA-1f4v2nfiU-rFqNzYfesg, 2025 MIT Europe Conference in Vienna 
PLJvJ-6UyehQA2VuFL7wNwROfoWEwTWczP,11.07.24-DecarbonizationWebinar
PLJvJ-6UyehQDQ_97wLyHZkV1O1qwJ70Ai,Sustainable Materials Leading Edge Webinar
PLJvJ-6UyehQC61Btl_P7bHbiQyNRurN8P,Smart Cities and Urban Development Leading Edge Webinar
PLJvJ-6UyehQA9SZopOnwHzfUrzfMflIPq,2025 MIT Japan Conference
PLJvJ-6UyehQDdkHO5mY3dcy5TLgRLehRS,2025 MIT Bangkok Symposium - Unleashing AI
PLJvJ-6UyehQAz_AWcwZjaMlBEmsZ_nsMR,12.03.24 MIT Houston Symposium
PLJvJ-6UyehQCZ1ZmyZGF9mvQlULfbgD0p,10.10.24-MITILP-LeadingEdgeWebinars-Advanced-Design-and-Manufacturing
PLJvJ-6UyehQDC-4Z3R7Ub2u8nW6qcSMQv,09.26.2024 - MIT Health Science Forum
PLJvJ-6UyehQAdmR6HYsTKdxPtHnb_oHOx,09.17.24-MIT Digital Technology and Strategy Conference